

DROP TABLE IF EXISTS `AIRCRAFT`;

CREATE TABLE `AIRCRAFT` (
  `AC_NUM` varchar(5) DEFAULT NULL,
  `MOD_CODE` varchar(8) DEFAULT NULL,
  `AC_TOTAL_TIME` decimal(5,1) DEFAULT NULL
) ENGINE=InnoDB DEFAULT CHARSET=utf8mb4;

--
-- Dumping data for table `AIRCRAFT`
--

LOCK TABLES `AIRCRAFT` WRITE;
INSERT INTO `AIRCRAFT` VALUES ('1178R','C-172',4512.6),('205IY','C-172',5325.5),('2087V','C-152',4889.8),('226BR','C-172',4299.6),('2867W','PA28-181',3267.4),('3213R','PA28-181',2517.9),('4112E','PA28-181',5211.3),('45ZU','C-152',7003.1),('5725Y','C-172',3968.2);
UNLOCK TABLES;

--
-- Table structure for table `AIRCRAFT_1`
--

DROP TABLE IF EXISTS `AIRCRAFT_1`;

CREATE TABLE `AIRCRAFT_1` (
  `AC_NUM` varchar(5) DEFAULT NULL,
  `AC_MODEL` varchar(24) DEFAULT NULL,
  `AC_RENT_CHG` decimal(4,2) DEFAULT NULL,
  `AC_SEATS` tinyint(4) DEFAULT NULL,
  `AC_TOTAL_TIME` decimal(5,1) DEFAULT NULL
) ENGINE=InnoDB DEFAULT CHARSET=utf8mb4;

--
-- Dumping data for table `AIRCRAFT_1`
--

LOCK TABLES `AIRCRAFT_1` WRITE;
INSERT INTO `AIRCRAFT_1` VALUES ('1178R','Cessna C-172 Shyhawk',58.50,4,4512.6),('205IY','Cessna C-172 Shyhawk',58.50,4,5325.5),('2087V','Cessna C-152 Commuter',51.75,2,4889.8),('226BR','Cessna C-172 Shyhawk',58.50,4,4299.6),('2867W','Piper PA28-181 Archer II',64.00,4,3267.4),('3213R','Piper PA28-181 Archer II',64.00,4,2517.9),('4112E','Piper PA28-181 Archer II',64.00,4,5211.3),('45ZU','Cessna C-152 Commuter',51.75,2,7003.1),('5725Y','Cessna C-172 Shyhawk',58.50,4,3968.2);

UNLOCK TABLES;

--
-- Table structure for table `MODEL`
--

DROP TABLE IF EXISTS `MODEL`;

CREATE TABLE `MODEL` (
  `MOD_CODE` varchar(8) DEFAULT NULL,
  `MOD_MANUFACTURER` varchar(6) DEFAULT NULL,
  `MOD_SEATS` tinyint(4) DEFAULT NULL,
  `MOD_RENT_CHG` decimal(4,2) DEFAULT NULL
) ENGINE=InnoDB DEFAULT CHARSET=utf8mb4;

--
-- Dumping data for table `MODEL`
--

LOCK TABLES `MODEL` WRITE;
INSERT INTO `MODEL` VALUES ('C-152','Cessna',2,51.75),('C-172','Cessna',4,58.50),('PA28-181','Piper',4,64.00);
UNLOCK TABLES;

